Title,Price,Rating,Colors,Size,Gender,Timestamp
T-shirt 2,1634400.0,3.9,3,M,Women,2026-04-03T16:37:13.540529+00:00
Hoodie 3,7950080.0,4.8,3,L,Unisex,2026-04-03T16:37:13.540795+00:00
Pants 4,7476960.0,3.3,3,XL,Men,2026-04-03T16:37:13.540979+00:00
Outerwear 5,5145440.0,3.5,3,XXL,Women,2026-04-03T16:37:13.541256+00:00
Jacket 6,2453920.0,3.3,3,S,Unisex,2026-04-03T16:37:13.541508+00:00
Crewneck 7,6892000.0,4.3,3,M,Men,2026-04-03T16:37:13.541767+00:00
T-shirt 8,7802560.0,3.1,3,L,Women,2026-04-03T16:37:13.541949+00:00
Hoodie 9,3972160.0,3.2,3,XL,Unisex,2026-04-03T16:37:13.542119+00:00
Pants 10,3100160.0,4.2,3,XXL,Men,2026-04-03T16:37:13.542340+00:00
Jacket 12,8527840.0,3.9,3,M,Unisex,2026-04-03T16:37:13.542690+00:00
Crewneck 13,5447200.0,3.2,3,L,Men,2026-04-03T16:37:13.542857+00:00
T-shirt 14,3248800.0,3.8,3,XL,Women,2026-04-03T16:37:13.543027+00:00
Hoodie 15,2184160.0,3.6,3,XXL,Unisex,2026-04-03T16:37:13.543249+00:00
Outerwear 17,841600.0,3.8,3,M,Women,2026-04-03T16:37:13.543711+00:00
Jacket 18,5500000.0,3.8,3,L,Unisex,2026-04-03T16:37:13.543934+00:00
Crewneck 19,1308960.0,3.6,3,XL,Men,2026-04-03T16:37:13.544154+00:00
T-shirt 20,1325600.0,3.4,3,XXL,Women,2026-04-03T16:37:13.544407+00:00
Pants 22,4319680.0,4.9,3,M,Men,2026-04-03T16:37:13.615133+00:00
Outerwear 23,4655840.0,3.7,3,L,Women,2026-04-03T16:37:13.615477+00:00
Jacket 24,8223520.0,3.9,3,XL,Unisex,2026-04-03T16:37:13.615801+00:00
Crewneck 25,8322559.999999999,3.3,3,XXL,Men,2026-04-03T16:37:13.616198+00:00
T-shirt 26,7292320.0,4.6,3,S,Women,2026-04-03T16:37:13.616497+00:00
Hoodie 27,3551840.0,4.8,3,M,Unisex,2026-04-03T16:37:13.616774+00:00
Pants 28,5216160.0,4.0,3,L,Men,2026-04-03T16:37:13.617045+00:00
Outerwear 29,861600.0,3.1,3,XL,Women,2026-04-03T16:37:13.617340+00:00
Jacket 30,8610240.0,3.7,3,XXL,Unisex,2026-04-03T16:37:13.617625+00:00
T-shirt 32,6657920.0,3.4,3,M,Women,2026-04-03T16:37:13.618214+00:00
Hoodie 33,7248160.0,3.5,3,L,Unisex,2026-04-03T16:37:13.618501+00:00
Pants 34,8362719.999999999,3.8,3,XL,Men,2026-04-03T16:37:13.618781+00:00
Outerwear 35,1356160.0,3.8,3,XXL,Women,2026-04-03T16:37:13.619074+00:00
Jacket 36,7249280.0,3.7,3,S,Unisex,2026-04-03T16:37:13.619395+00:00
Crewneck 37,6006080.0,4.0,3,M,Men,2026-04-03T16:37:13.619645+00:00
T-shirt 38,4866080.0,3.2,3,L,Women,2026-04-03T16:37:13.619900+00:00
Hoodie 39,6431200.0,4.6,3,XL,Unisex,2026-04-03T16:37:13.620098+00:00
Pants 40,5853600.0,3.1,3,XXL,Men,2026-04-03T16:37:13.620287+00:00
Jacket 42,6744160.0,3.7,3,M,Unisex,2026-04-03T16:37:13.758846+00:00
Crewneck 43,2909600.0,4.5,3,L,Men,2026-04-03T16:37:13.759012+00:00
T-shirt 44,3312320.0,3.0,3,XL,Women,2026-04-03T16:37:13.759188+00:00
Hoodie 45,8693120.0,4.5,3,XXL,Unisex,2026-04-03T16:37:13.759423+00:00
Outerwear 47,6364640.0,3.2,3,M,Women,2026-04-03T16:37:13.759759+00:00
Jacket 48,4994720.0,3.4,3,L,Unisex,2026-04-03T16:37:13.759937+00:00
Crewneck 49,1071200.0,4.0,3,XL,Men,2026-04-03T16:37:13.760116+00:00
T-shirt 50,5932960.0,3.1,3,XXL,Women,2026-04-03T16:37:13.760305+00:00
Pants 52,1596480.0,4.0,3,M,Men,2026-04-03T16:37:13.760658+00:00
Outerwear 53,4470880.0,4.3,3,L,Women,2026-04-03T16:37:13.760821+00:00
Jacket 54,854560.0,4.2,3,XL,Unisex,2026-04-03T16:37:13.760985+00:00
Crewneck 55,1793760.0,3.6,3,XXL,Men,2026-04-03T16:37:13.761147+00:00
T-shirt 56,4643040.0,3.8,3,S,Women,2026-04-03T16:37:13.761315+00:00
Hoodie 57,3155360.0,4.9,3,M,Unisex,2026-04-03T16:37:13.761493+00:00
Pants 58,1637760.0,4.4,3,L,Men,2026-04-03T16:37:13.761672+00:00
Outerwear 59,2254240.0,4.6,3,XL,Women,2026-04-03T16:37:13.761841+00:00
Jacket 60,3375520.0,4.2,3,XXL,Unisex,2026-04-03T16:37:13.762005+00:00
T-shirt 62,1376480.0,3.8,3,M,Women,2026-04-03T16:37:13.999890+00:00
Hoodie 63,6479200.0,3.6,3,L,Unisex,2026-04-03T16:37:14.000050+00:00
Pants 64,7728480.0,4.0,3,XL,Men,2026-04-03T16:37:14.000206+00:00
Outerwear 65,2385920.0,4.1,3,XXL,Women,2026-04-03T16:37:14.000374+00:00
Jacket 66,4353120.0,3.5,3,S,Unisex,2026-04-03T16:37:14.000529+00:00
Crewneck 67,8470720.0,3.5,3,M,Men,2026-04-03T16:37:14.000688+00:00
T-shirt 68,8025280.0,4.0,3,L,Women,2026-04-03T16:37:14.000851+00:00
Hoodie 69,1027839.9999999999,3.6,3,XL,Unisex,2026-04-03T16:37:14.001009+00:00
Pants 70,1171360.0,4.4,3,XXL,Men,2026-04-03T16:37:14.001164+00:00
Jacket 72,3776000.0,4.4,3,M,Unisex,2026-04-03T16:37:14.001486+00:00
Crewneck 73,2460320.0,3.0,3,L,Men,2026-04-03T16:37:14.001642+00:00
T-shirt 74,7704800.0,3.8,3,XL,Women,2026-04-03T16:37:14.001799+00:00
Hoodie 75,2101760.0,4.3,3,XXL,Unisex,2026-04-03T16:37:14.001961+00:00
Outerwear 77,861760.0,3.7,3,M,Women,2026-04-03T16:37:14.002278+00:00
Jacket 78,2716480.0,4.3,3,L,Unisex,2026-04-03T16:37:14.002445+00:00
Crewneck 79,3309600.0,4.6,3,XL,Men,2026-04-03T16:37:14.002607+00:00
T-shirt 80,4178399.9999999995,4.5,3,XXL,Women,2026-04-03T16:37:14.002766+00:00
Pants 82,8315520.0,4.8,3,M,Men,2026-04-03T16:37:14.122236+00:00
Outerwear 83,3947840.0,3.7,3,L,Women,2026-04-03T16:37:14.122390+00:00
Jacket 84,2826080.0,4.8,3,XL,Unisex,2026-04-03T16:37:14.122551+00:00
Crewneck 85,4564160.0,3.5,3,XXL,Men,2026-04-03T16:37:14.122701+00:00
T-shirt 86,1670880.0,3.9,3,S,Women,2026-04-03T16:37:14.122846+00:00
Hoodie 87,7870240.0,4.3,3,M,Unisex,2026-04-03T16:37:14.122998+00:00
Pants 88,7590400.0,3.1,3,L,Men,2026-04-03T16:37:14.123142+00:00
Outerwear 89,4856320.0,3.0,3,XL,Women,2026-04-03T16:37:14.123291+00:00
Jacket 90,7160000.0,4.0,3,XXL,Unisex,2026-04-03T16:37:14.123442+00:00
T-shirt 92,5012320.0,3.5,3,M,Women,2026-04-03T16:37:14.123748+00:00
Hoodie 93,1365280.0,3.6,3,L,Unisex,2026-04-03T16:37:14.123922+00:00
Pants 94,1074880.0,4.3,3,XL,Men,2026-04-03T16:37:14.124081+00:00
Outerwear 95,6062240.0,3.5,3,XXL,Women,2026-04-03T16:37:14.124302+00:00
Jacket 96,4598240.0,4.9,3,S,Unisex,2026-04-03T16:37:14.124554+00:00
Crewneck 97,6113120.0,3.9,3,M,Men,2026-04-03T16:37:14.124828+00:00
T-shirt 98,8596960.0,3.1,3,L,Women,2026-04-03T16:37:14.125194+00:00
Hoodie 99,5028000.0,3.6,3,XL,Unisex,2026-04-03T16:37:14.125382+00:00
Pants 100,2217280.0,4.6,3,XXL,Men,2026-04-03T16:37:14.125549+00:00
Jacket 102,3840640.0,3.3,3,M,Unisex,2026-04-03T16:37:14.225920+00:00
Crewneck 103,2331680.0,3.5,3,L,Men,2026-04-03T16:37:14.226106+00:00
T-shirt 104,2374400.0,3.8,3,XL,Women,2026-04-03T16:37:14.226264+00:00
Hoodie 105,5019840.0,4.2,3,XXL,Unisex,2026-04-03T16:37:14.226420+00:00
Outerwear 107,6625120.0,4.0,3,M,Women,2026-04-03T16:37:14.226724+00:00
Jacket 108,5551680.0,4.8,3,L,Unisex,2026-04-03T16:37:14.226872+00:00
Crewneck 109,5886880.0,3.3,3,XL,Men,2026-04-03T16:37:14.227019+00:00
T-shirt 110,7197120.0,4.6,3,XXL,Women,2026-04-03T16:37:14.227165+00:00
Pants 112,4261920.0,3.3,3,M,Men,2026-04-03T16:37:14.227476+00:00
Outerwear 113,4472000.0,3.7,3,L,Women,2026-04-03T16:37:14.227622+00:00
Jacket 114,5386560.0,4.9,3,XL,Unisex,2026-04-03T16:37:14.227771+00:00
Crewneck 115,1933280.0,4.5,3,XXL,Men,2026-04-03T16:37:14.227922+00:00
T-shirt 116,3474560.0,3.0,3,S,Women,2026-04-03T16:37:14.228157+00:00
Hoodie 117,3376320.0,5.0,3,M,Unisex,2026-04-03T16:37:14.228349+00:00
Pants 118,5585440.0,3.2,3,L,Men,2026-04-03T16:37:14.228507+00:00
Outerwear 119,3561760.0,3.4,3,XL,Women,2026-04-03T16:37:14.228656+00:00
Jacket 120,7480320.0,4.0,3,XXL,Unisex,2026-04-03T16:37:14.228805+00:00
T-shirt 122,1961920.0,3.6,3,M,Women,2026-04-03T16:37:14.337874+00:00
Hoodie 123,4498080.0,3.8,3,L,Unisex,2026-04-03T16:37:14.338020+00:00
Pants 124,7023520.0,3.2,3,XL,Men,2026-04-03T16:37:14.338170+00:00
Outerwear 125,6998240.0,4.2,3,XXL,Women,2026-04-03T16:37:14.338317+00:00
Jacket 126,4426080.0,3.9,3,S,Unisex,2026-04-03T16:37:14.338463+00:00
Crewneck 127,8311680.0,4.0,3,M,Men,2026-04-03T16:37:14.338622+00:00
T-shirt 128,4466720.0,3.8,3,L,Women,2026-04-03T16:37:14.338770+00:00
Hoodie 129,2532480.0,4.5,3,XL,Unisex,2026-04-03T16:37:14.338933+00:00
Pants 130,6603520.0,4.8,3,XXL,Men,2026-04-03T16:37:14.339083+00:00
Jacket 132,6474880.0,4.2,3,M,Unisex,2026-04-03T16:37:14.339389+00:00
Crewneck 133,2016320.0,4.7,3,L,Men,2026-04-03T16:37:14.339544+00:00
T-shirt 134,5937440.0,3.2,3,XL,Women,2026-04-03T16:37:14.339690+00:00
Hoodie 135,5141440.0,4.7,3,XXL,Unisex,2026-04-03T16:37:14.339838+00:00
Outerwear 137,6988320.0,4.5,3,M,Women,2026-04-03T16:37:14.340136+00:00
Jacket 138,4635520.0,3.4,3,L,Unisex,2026-04-03T16:37:14.340285+00:00
Crewneck 139,8053120.0,4.5,3,XL,Men,2026-04-03T16:37:14.340499+00:00
T-shirt 140,6811040.0,3.5,3,XXL,Women,2026-04-03T16:37:14.340720+00:00
Pants 142,2325280.0,4.9,3,M,Men,2026-04-03T16:37:14.432257+00:00
Outerwear 143,3346560.0,4.9,3,L,Women,2026-04-03T16:37:14.432408+00:00
Jacket 144,5758240.0,4.3,3,XL,Unisex,2026-04-03T16:37:14.432556+00:00
Crewneck 145,3472800.0,4.8,3,XXL,Men,2026-04-03T16:37:14.432880+00:00
T-shirt 146,7688640.0,4.3,3,S,Women,2026-04-03T16:37:14.433195+00:00
Hoodie 147,3052800.0,5.0,3,M,Unisex,2026-04-03T16:37:14.433461+00:00
Pants 148,6033440.0,4.7,3,L,Men,2026-04-03T16:37:14.433649+00:00
Outerwear 149,3105920.0,3.2,3,XL,Women,2026-04-03T16:37:14.433802+00:00
Jacket 150,1500640.0,3.6,3,XXL,Unisex,2026-04-03T16:37:14.433950+00:00
T-shirt 152,6288640.0,4.2,3,M,Women,2026-04-03T16:37:14.434242+00:00
Hoodie 153,2660640.0,4.3,3,L,Unisex,2026-04-03T16:37:14.434387+00:00
Pants 154,2337440.0,3.0,3,XL,Men,2026-04-03T16:37:14.434534+00:00
Outerwear 155,3783200.0,4.1,3,XXL,Women,2026-04-03T16:37:14.434703+00:00
Jacket 156,6645120.0,3.6,3,S,Unisex,2026-04-03T16:37:14.434852+00:00
Crewneck 157,1105760.0,4.0,3,M,Men,2026-04-03T16:37:14.434998+00:00
T-shirt 158,7321120.0,4.0,3,L,Women,2026-04-03T16:37:14.435146+00:00
Hoodie 159,2371680.0,4.9,3,XL,Unisex,2026-04-03T16:37:14.435299+00:00
Pants 160,2802880.0,3.4,3,XXL,Men,2026-04-03T16:37:14.435443+00:00
Jacket 162,1543840.0,4.5,3,M,Unisex,2026-04-03T16:37:14.548630+00:00
Crewneck 163,7861920.0,4.4,3,L,Men,2026-04-03T16:37:14.548795+00:00
T-shirt 164,3512000.0,3.9,3,XL,Women,2026-04-03T16:37:14.548948+00:00
Hoodie 165,6921280.0,4.9,3,XXL,Unisex,2026-04-03T16:37:14.549099+00:00
Outerwear 167,3273760.0,3.1,3,M,Women,2026-04-03T16:37:14.549399+00:00
Jacket 168,870400.0,4.4,3,L,Unisex,2026-04-03T16:37:14.549608+00:00
Crewneck 169,8032800.0,4.7,3,XL,Men,2026-04-03T16:37:14.549817+00:00
T-shirt 170,6677920.0,4.5,3,XXL,Women,2026-04-03T16:37:14.550021+00:00
Pants 172,1566080.0,4.9,3,M,Men,2026-04-03T16:37:14.550433+00:00
Outerwear 173,7034560.0,4.6,3,L,Women,2026-04-03T16:37:14.550638+00:00
Jacket 174,6282240.0,3.3,3,XL,Unisex,2026-04-03T16:37:14.550849+00:00
Crewneck 175,8125120.0,4.5,3,XXL,Men,2026-04-03T16:37:14.551059+00:00
T-shirt 176,6104320.0,3.6,3,S,Women,2026-04-03T16:37:14.551263+00:00
Hoodie 177,1890400.0,4.6,3,M,Unisex,2026-04-03T16:37:14.551476+00:00
Pants 178,6184160.0,3.0,3,L,Men,2026-04-03T16:37:14.551681+00:00
Outerwear 179,5816640.0,3.5,3,XL,Women,2026-04-03T16:37:14.551894+00:00
Jacket 180,5552640.0,3.9,3,XXL,Unisex,2026-04-03T16:37:14.552097+00:00
T-shirt 182,2334880.0,3.8,3,M,Women,2026-04-03T16:37:14.637786+00:00
Hoodie 183,3904640.0,3.6,3,L,Unisex,2026-04-03T16:37:14.637948+00:00
Pants 184,7759520.0,4.5,3,XL,Men,2026-04-03T16:37:14.638094+00:00
Outerwear 185,7822880.0,3.2,3,XXL,Women,2026-04-03T16:37:14.638239+00:00
Jacket 186,6940480.0,4.2,3,S,Unisex,2026-04-03T16:37:14.638386+00:00
Crewneck 187,6663520.0,3.8,3,M,Men,2026-04-03T16:37:14.638529+00:00
T-shirt 188,3927840.0,4.4,3,L,Women,2026-04-03T16:37:14.638674+00:00
Hoodie 189,1946720.0,4.0,3,XL,Unisex,2026-04-03T16:37:14.638821+00:00
Pants 190,2220960.0,4.5,3,XXL,Men,2026-04-03T16:37:14.638967+00:00
Jacket 192,5066240.0,3.8,3,M,Unisex,2026-04-03T16:37:14.639265+00:00
Crewneck 193,7355680.0,4.1,3,L,Men,2026-04-03T16:37:14.639412+00:00
T-shirt 194,2818720.0,4.9,3,XL,Women,2026-04-03T16:37:14.639558+00:00
Hoodie 195,7208960.0,4.9,3,XXL,Unisex,2026-04-03T16:37:14.639703+00:00
Outerwear 197,5681600.0,4.9,3,M,Women,2026-04-03T16:37:14.640013+00:00
Jacket 198,5435040.0,4.5,3,L,Unisex,2026-04-03T16:37:14.640161+00:00
Crewneck 199,6744320.0,3.1,3,XL,Men,2026-04-03T16:37:14.640303+00:00
T-shirt 200,6289920.0,3.5,3,XXL,Women,2026-04-03T16:37:14.640447+00:00
Pants 202,5592480.0,3.3,3,M,Men,2026-04-03T16:37:14.744581+00:00
Outerwear 203,2144000.0,3.4,3,L,Women,2026-04-03T16:37:14.744759+00:00
Jacket 204,6031040.0,3.9,3,XL,Unisex,2026-04-03T16:37:14.744910+00:00
Crewneck 205,6434880.0,3.2,3,XXL,Men,2026-04-03T16:37:14.745067+00:00
T-shirt 206,4674720.0,4.5,3,S,Women,2026-04-03T16:37:14.745224+00:00
Hoodie 207,6101440.0,3.5,3,M,Unisex,2026-04-03T16:37:14.745494+00:00
Pants 208,4637600.0,3.1,3,L,Men,2026-04-03T16:37:14.745678+00:00
Outerwear 209,7980640.0,4.3,3,XL,Women,2026-04-03T16:37:14.745863+00:00
Jacket 210,7827360.0,4.7,3,XXL,Unisex,2026-04-03T16:37:14.746012+00:00
T-shirt 212,8794880.0,4.7,3,M,Women,2026-04-03T16:37:14.746311+00:00
Hoodie 213,5748000.0,3.6,3,L,Unisex,2026-04-03T16:37:14.746470+00:00
Pants 214,4315680.0,4.9,3,XL,Men,2026-04-03T16:37:14.746623+00:00
Outerwear 215,1449600.0,3.8,3,XXL,Women,2026-04-03T16:37:14.746785+00:00
Jacket 216,4576480.0,4.6,3,S,Unisex,2026-04-03T16:37:14.746976+00:00
Crewneck 217,5772960.0,4.8,3,M,Men,2026-04-03T16:37:14.747180+00:00
T-shirt 218,5600320.0,3.1,3,L,Women,2026-04-03T16:37:14.747342+00:00
Hoodie 219,5671040.0,4.6,3,XL,Unisex,2026-04-03T16:37:14.747489+00:00
Pants 220,3357600.0,3.2,3,XXL,Men,2026-04-03T16:37:14.747635+00:00
Jacket 222,7438080.0,3.4,3,M,Unisex,2026-04-03T16:37:14.859380+00:00
Crewneck 223,952960.0,4.8,3,L,Men,2026-04-03T16:37:14.859908+00:00
T-shirt 224,3534560.0,4.5,3,XL,Women,2026-04-03T16:37:14.860197+00:00
Hoodie 225,5232800.0,3.5,3,XXL,Unisex,2026-04-03T16:37:14.860391+00:00
Outerwear 227,6742560.0,4.8,3,M,Women,2026-04-03T16:37:14.860818+00:00
Jacket 228,8076800.0,4.5,3,L,Unisex,2026-04-03T16:37:14.861054+00:00
Crewneck 229,3101920.0,4.9,3,XL,Men,2026-04-03T16:37:14.861430+00:00
T-shirt 230,7133280.0,4.5,3,XXL,Women,2026-04-03T16:37:14.861703+00:00
Pants 232,8327360.000000001,4.0,3,M,Men,2026-04-03T16:37:14.862258+00:00
Outerwear 233,847360.0,4.8,3,L,Women,2026-04-03T16:37:14.862535+00:00
Jacket 234,1159200.0,4.5,3,XL,Unisex,2026-04-03T16:37:14.862806+00:00
Crewneck 235,6560320.0,3.4,3,XXL,Men,2026-04-03T16:37:14.863106+00:00
T-shirt 236,5492320.0,3.9,3,S,Women,2026-04-03T16:37:14.863380+00:00
Hoodie 237,4743520.0,3.1,3,M,Unisex,2026-04-03T16:37:14.863713+00:00
Pants 238,8301920.0,3.8,3,L,Men,2026-04-03T16:37:14.863975+00:00
Outerwear 239,7934080.0,3.1,3,XL,Women,2026-04-03T16:37:14.864177+00:00
Jacket 240,7600000.0,3.8,3,XXL,Unisex,2026-04-03T16:37:14.864384+00:00
T-shirt 242,4833600.0,3.4,3,M,Women,2026-04-03T16:37:14.946671+00:00
Hoodie 243,3371680.0,3.1,3,L,Unisex,2026-04-03T16:37:14.946837+00:00
Pants 244,8116160.0,3.1,3,XL,Men,2026-04-03T16:37:14.947009+00:00
Outerwear 245,1451680.0,4.0,3,XXL,Women,2026-04-03T16:37:14.947202+00:00
Jacket 246,8735040.0,3.1,3,S,Unisex,2026-04-03T16:37:14.947380+00:00
Crewneck 247,8769120.0,3.0,3,M,Men,2026-04-03T16:37:14.947532+00:00
T-shirt 248,2280000.0,4.5,3,L,Women,2026-04-03T16:37:14.947683+00:00
Hoodie 249,2149440.0,4.2,3,XL,Unisex,2026-04-03T16:37:14.947830+00:00
Pants 250,4314240.0,3.1,3,XXL,Men,2026-04-03T16:37:14.948029+00:00
Jacket 252,8408480.0,3.2,3,M,Unisex,2026-04-03T16:37:14.948332+00:00
Crewneck 253,1854720.0,3.9,3,L,Men,2026-04-03T16:37:14.948480+00:00
T-shirt 254,5984160.0,3.9,3,XL,Women,2026-04-03T16:37:14.948629+00:00
Hoodie 255,3668000.0,4.1,3,XXL,Unisex,2026-04-03T16:37:14.948787+00:00
Outerwear 257,7073120.0,5.0,3,M,Women,2026-04-03T16:37:14.949082+00:00
Jacket 258,2080639.9999999998,4.7,3,L,Unisex,2026-04-03T16:37:14.949234+00:00
Crewneck 259,2275520.0,3.3,3,XL,Men,2026-04-03T16:37:14.949383+00:00
T-shirt 260,6271520.0,3.5,3,XXL,Women,2026-04-03T16:37:14.949531+00:00
Pants 262,1097760.0,3.4,3,M,Men,2026-04-03T16:37:15.048034+00:00
Outerwear 263,1878400.0,4.2,3,L,Women,2026-04-03T16:37:15.048202+00:00
Jacket 264,2063040.0,4.8,3,XL,Unisex,2026-04-03T16:37:15.048357+00:00
Crewneck 265,2483040.0,3.5,3,XXL,Men,2026-04-03T16:37:15.048523+00:00
T-shirt 266,4842080.0,4.6,3,S,Women,2026-04-03T16:37:15.048693+00:00
Hoodie 267,4086240.0,4.3,3,M,Unisex,2026-04-03T16:37:15.048849+00:00
Pants 268,5005120.0,3.6,3,L,Men,2026-04-03T16:37:15.049008+00:00
Outerwear 269,8073920.0,3.1,3,XL,Women,2026-04-03T16:37:15.049159+00:00
Jacket 270,2569120.0,4.2,3,XXL,Unisex,2026-04-03T16:37:15.049314+00:00
T-shirt 272,5811840.0,3.3,3,M,Women,2026-04-03T16:37:15.049617+00:00
Hoodie 273,5291360.0,4.9,3,L,Unisex,2026-04-03T16:37:15.049764+00:00
Pants 274,3669280.0,4.2,3,XL,Men,2026-04-03T16:37:15.049923+00:00
Outerwear 275,5575360.0,4.8,3,XXL,Women,2026-04-03T16:37:15.050080+00:00
Jacket 276,1013600.0,4.3,3,S,Unisex,2026-04-03T16:37:15.050244+00:00
Crewneck 277,2383680.0,4.7,3,M,Men,2026-04-03T16:37:15.050395+00:00
T-shirt 278,2087360.0000000002,3.8,3,L,Women,2026-04-03T16:37:15.050552+00:00
Hoodie 279,5592320.0,4.7,3,XL,Unisex,2026-04-03T16:37:15.050703+00:00
Pants 280,7501440.0,3.9,3,XXL,Men,2026-04-03T16:37:15.050851+00:00
Jacket 282,2227040.0,3.0,3,M,Unisex,2026-04-03T16:37:15.169869+00:00
Crewneck 283,6633120.0,3.2,3,L,Men,2026-04-03T16:37:15.170017+00:00
T-shirt 284,6568000.0,3.6,3,XL,Women,2026-04-03T16:37:15.170174+00:00
Hoodie 285,3009120.0,3.2,3,XXL,Unisex,2026-04-03T16:37:15.170324+00:00
Outerwear 287,5273600.0,3.7,3,M,Women,2026-04-03T16:37:15.170616+00:00
Jacket 288,3123040.0,4.1,3,L,Unisex,2026-04-03T16:37:15.170760+00:00
Crewneck 289,888000.0,4.0,3,XL,Men,2026-04-03T16:37:15.170909+00:00
T-shirt 290,6425120.0,4.2,3,XXL,Women,2026-04-03T16:37:15.171064+00:00
Pants 292,2384480.0,3.9,3,M,Men,2026-04-03T16:37:15.171356+00:00
Outerwear 293,1176160.0,4.5,3,L,Women,2026-04-03T16:37:15.171507+00:00
Jacket 294,5947200.0,3.8,3,XL,Unisex,2026-04-03T16:37:15.171654+00:00
Crewneck 295,7266720.0,4.9,3,XXL,Men,2026-04-03T16:37:15.171798+00:00
T-shirt 296,1172160.0,3.1,3,S,Women,2026-04-03T16:37:15.172007+00:00
Hoodie 297,7801120.0,3.6,3,M,Unisex,2026-04-03T16:37:15.172192+00:00
Pants 298,2426080.0,4.8,3,L,Men,2026-04-03T16:37:15.172342+00:00
Outerwear 299,1947840.0,4.3,3,XL,Women,2026-04-03T16:37:15.172489+00:00
Jacket 300,6408480.0,4.0,3,XXL,Unisex,2026-04-03T16:37:15.172633+00:00
T-shirt 302,5711200.0,3.2,3,M,Women,2026-04-03T16:37:15.210108+00:00
Hoodie 303,7974560.0,4.1,3,L,Unisex,2026-04-03T16:37:15.210306+00:00
Pants 304,7129760.0,3.4,3,XL,Men,2026-04-03T16:37:15.210463+00:00
Outerwear 305,6325440.0,4.5,3,XXL,Women,2026-04-03T16:37:15.210621+00:00
Jacket 306,7575040.0,4.2,3,S,Unisex,2026-04-03T16:37:15.210770+00:00
Crewneck 307,7735200.0,3.7,3,M,Men,2026-04-03T16:37:15.210914+00:00
T-shirt 308,4086080.0,4.1,3,L,Women,2026-04-03T16:37:15.211059+00:00
Hoodie 309,3953120.0,4.8,3,XL,Unisex,2026-04-03T16:37:15.211235+00:00
Pants 310,6329280.0,4.7,3,XXL,Men,2026-04-03T16:37:15.211385+00:00
Jacket 312,7267040.0,3.8,3,M,Unisex,2026-04-03T16:37:15.211682+00:00
Crewneck 313,1948320.0,3.1,3,L,Men,2026-04-03T16:37:15.211829+00:00
T-shirt 314,6017120.0,3.2,3,XL,Women,2026-04-03T16:37:15.211984+00:00
Hoodie 315,7022880.0,3.1,3,XXL,Unisex,2026-04-03T16:37:15.212132+00:00
Outerwear 317,5259040.0,3.3,3,M,Women,2026-04-03T16:37:15.212426+00:00
Jacket 318,5667200.0,3.7,3,L,Unisex,2026-04-03T16:37:15.212575+00:00
Crewneck 319,3085920.0,3.3,3,XL,Men,2026-04-03T16:37:15.212721+00:00
T-shirt 320,829440.0,3.3,3,XXL,Women,2026-04-03T16:37:15.212944+00:00
Pants 322,7810400.0,3.2,3,M,Men,2026-04-03T16:37:15.255448+00:00
Outerwear 323,8468000.0,3.1,3,L,Women,2026-04-03T16:37:15.255623+00:00
Jacket 324,6082720.0,3.3,3,XL,Unisex,2026-04-03T16:37:15.255780+00:00
Crewneck 325,3001760.0,3.4,3,XXL,Men,2026-04-03T16:37:15.255932+00:00
T-shirt 326,4519360.0,4.9,3,S,Women,2026-04-03T16:37:15.256090+00:00
Hoodie 327,6641440.0,4.4,3,M,Unisex,2026-04-03T16:37:15.256254+00:00
Pants 328,5732960.0,4.5,3,L,Men,2026-04-03T16:37:15.256399+00:00
Outerwear 329,6724160.0,4.7,3,XL,Women,2026-04-03T16:37:15.256541+00:00
Jacket 330,1591200.0,4.3,3,XXL,Unisex,2026-04-03T16:37:15.256689+00:00
T-shirt 332,2335680.0,3.4,3,M,Women,2026-04-03T16:37:15.256981+00:00
Hoodie 333,1746080.0,4.8,3,L,Unisex,2026-04-03T16:37:15.257128+00:00
Pants 334,2409440.0,3.8,3,XL,Men,2026-04-03T16:37:15.257270+00:00
Outerwear 335,2826720.0,3.0,3,XXL,Women,2026-04-03T16:37:15.257412+00:00
Jacket 336,6237760.0,5.0,3,S,Unisex,2026-04-03T16:37:15.257557+00:00
Crewneck 337,8608800.0,4.3,3,M,Men,2026-04-03T16:37:15.257699+00:00
T-shirt 338,2883360.0,3.9,3,L,Women,2026-04-03T16:37:15.257843+00:00
Hoodie 339,4424800.0,4.9,3,XL,Unisex,2026-04-03T16:37:15.257986+00:00
Pants 340,5975200.0,4.3,3,XXL,Men,2026-04-03T16:37:15.258141+00:00
Jacket 342,1827680.0,4.8,3,M,Unisex,2026-04-03T16:37:15.357450+00:00
Crewneck 343,2279040.0,4.1,3,L,Men,2026-04-03T16:37:15.357603+00:00
T-shirt 344,3415680.0,4.5,3,XL,Women,2026-04-03T16:37:15.357757+00:00
Hoodie 345,7577440.0,3.3,3,XXL,Unisex,2026-04-03T16:37:15.357907+00:00
Outerwear 347,6986080.0,4.7,3,M,Women,2026-04-03T16:37:15.358206+00:00
Jacket 348,3195040.0,4.6,3,L,Unisex,2026-04-03T16:37:15.358364+00:00
Crewneck 349,6085600.0,3.5,3,XL,Men,2026-04-03T16:37:15.358586+00:00
T-shirt 350,8047680.0,5.0,3,XXL,Women,2026-04-03T16:37:15.358819+00:00
Pants 352,2838880.0,4.0,3,M,Men,2026-04-03T16:37:15.360049+00:00
Outerwear 353,961600.0,3.6,3,L,Women,2026-04-03T16:37:15.360299+00:00
Jacket 354,2294720.0,3.8,3,XL,Unisex,2026-04-03T16:37:15.360612+00:00
Crewneck 355,4246560.0,3.2,3,XXL,Men,2026-04-03T16:37:15.360919+00:00
T-shirt 356,7150080.0,4.3,3,S,Women,2026-04-03T16:37:15.361228+00:00
Hoodie 357,3739360.0,3.6,3,M,Unisex,2026-04-03T16:37:15.361509+00:00
Pants 358,8479520.0,3.9,3,L,Men,2026-04-03T16:37:15.361805+00:00
Outerwear 359,1696480.0,4.3,3,XL,Women,2026-04-03T16:37:15.362109+00:00
Jacket 360,8788320.0,4.8,3,XXL,Unisex,2026-04-03T16:37:15.362423+00:00
T-shirt 362,4776800.0,5.0,3,M,Women,2026-04-03T16:37:15.643215+00:00
Hoodie 363,1171360.0,3.2,3,L,Unisex,2026-04-03T16:37:15.643652+00:00
Pants 364,4972800.0,4.8,3,XL,Men,2026-04-03T16:37:15.644049+00:00
Outerwear 365,6956480.0,4.5,3,XXL,Women,2026-04-03T16:37:15.644408+00:00
Jacket 366,5854880.0,4.9,3,S,Unisex,2026-04-03T16:37:15.644775+00:00
Crewneck 367,8359360.000000001,4.9,3,M,Men,2026-04-03T16:37:15.645179+00:00
T-shirt 368,965120.0,3.2,3,L,Women,2026-04-03T16:37:15.645445+00:00
Hoodie 369,7204960.0,4.7,3,XL,Unisex,2026-04-03T16:37:15.645674+00:00
Pants 370,4559680.0,3.6,3,XXL,Men,2026-04-03T16:37:15.645926+00:00
Jacket 372,5052960.0,3.6,3,M,Unisex,2026-04-03T16:37:15.646439+00:00
Crewneck 373,2231040.0,3.6,3,L,Men,2026-04-03T16:37:15.646662+00:00
T-shirt 374,7697120.0,3.9,3,XL,Women,2026-04-03T16:37:15.646900+00:00
Hoodie 375,7027520.0,3.9,3,XXL,Unisex,2026-04-03T16:37:15.647127+00:00
Outerwear 377,6802080.0,4.8,3,M,Women,2026-04-03T16:37:15.647585+00:00
Jacket 378,3402400.0,3.6,3,L,Unisex,2026-04-03T16:37:15.647810+00:00
Crewneck 379,3963200.0,4.4,3,XL,Men,2026-04-03T16:37:15.648028+00:00
T-shirt 380,2547040.0,3.8,3,XXL,Women,2026-04-03T16:37:15.648247+00:00
Pants 382,1356160.0,4.4,3,M,Men,2026-04-03T16:37:15.824580+00:00
Outerwear 383,3431040.0,3.4,3,L,Women,2026-04-03T16:37:15.824807+00:00
Jacket 384,1452960.0,3.3,3,XL,Unisex,2026-04-03T16:37:15.825038+00:00
Crewneck 385,7950720.0,4.9,3,XXL,Men,2026-04-03T16:37:15.825263+00:00
T-shirt 386,4793600.0,4.6,3,S,Women,2026-04-03T16:37:15.825478+00:00
Hoodie 387,8418080.0,4.2,3,M,Unisex,2026-04-03T16:37:15.825695+00:00
Pants 388,931200.0,3.1,3,L,Men,2026-04-03T16:37:15.825910+00:00
Outerwear 389,2883200.0,5.0,3,XL,Women,2026-04-03T16:37:15.826250+00:00
Jacket 390,5432960.0,3.3,3,XXL,Unisex,2026-04-03T16:37:15.826572+00:00
T-shirt 392,1226080.0,4.4,3,M,Women,2026-04-03T16:37:15.828121+00:00
Hoodie 393,4068480.0,3.2,3,L,Unisex,2026-04-03T16:37:15.828486+00:00
Pants 394,3540000.0,3.3,3,XL,Men,2026-04-03T16:37:15.828749+00:00
Outerwear 395,3098720.0,4.0,3,XXL,Women,2026-04-03T16:37:15.828976+00:00
Jacket 396,2505280.0,3.9,3,S,Unisex,2026-04-03T16:37:15.829197+00:00
Crewneck 397,855360.0,3.6,3,M,Men,2026-04-03T16:37:15.829433+00:00
T-shirt 398,4592800.0,4.7,3,L,Women,2026-04-03T16:37:15.829663+00:00
Hoodie 399,2523520.0,3.6,3,XL,Unisex,2026-04-03T16:37:15.829884+00:00
Pants 400,6020640.0,4.7,3,XXL,Men,2026-04-03T16:37:15.830103+00:00
Jacket 402,2029120.0,4.6,3,M,Unisex,2026-04-03T16:37:15.892361+00:00
Crewneck 403,1580320.0,4.1,3,L,Men,2026-04-03T16:37:15.892593+00:00
T-shirt 404,3501120.0,4.9,3,XL,Women,2026-04-03T16:37:15.892939+00:00
Hoodie 405,5080160.0,3.8,3,XXL,Unisex,2026-04-03T16:37:15.893268+00:00
Outerwear 407,2761280.0,3.7,3,M,Women,2026-04-03T16:37:15.893716+00:00
Jacket 408,4176000.0,4.9,3,L,Unisex,2026-04-03T16:37:15.893934+00:00
Crewneck 409,3221760.0,3.5,3,XL,Men,2026-04-03T16:37:15.894392+00:00
T-shirt 410,1586720.0,3.1,3,XXL,Women,2026-04-03T16:37:15.894657+00:00
Pants 412,5438240.0,4.4,3,M,Men,2026-04-03T16:37:15.895184+00:00
Outerwear 413,1306400.0,3.4,3,L,Women,2026-04-03T16:37:15.895560+00:00
Jacket 414,2234720.0,3.7,3,XL,Unisex,2026-04-03T16:37:15.895814+00:00
Crewneck 415,3617440.0,3.1,3,XXL,Men,2026-04-03T16:37:15.896138+00:00
T-shirt 416,4454080.0,3.1,3,S,Women,2026-04-03T16:37:15.896369+00:00
Hoodie 417,2769440.0,4.6,3,M,Unisex,2026-04-03T16:37:15.896590+00:00
Pants 418,6307840.0,5.0,3,L,Men,2026-04-03T16:37:15.896809+00:00
Outerwear 419,7004000.0,5.0,3,XL,Women,2026-04-03T16:37:15.897072+00:00
Jacket 420,2472640.0,3.1,3,XXL,Unisex,2026-04-03T16:37:15.897337+00:00
T-shirt 422,924320.0,3.9,3,M,Women,2026-04-03T16:37:15.988306+00:00
Hoodie 423,4601760.0,3.7,3,L,Unisex,2026-04-03T16:37:15.988525+00:00
Pants 424,3865760.0,4.4,3,XL,Men,2026-04-03T16:37:15.988741+00:00
Outerwear 425,2528480.0,4.8,3,XXL,Women,2026-04-03T16:37:15.988955+00:00
Jacket 426,3462400.0,3.4,3,S,Unisex,2026-04-03T16:37:15.989185+00:00
Crewneck 427,6375200.0,3.3,3,M,Men,2026-04-03T16:37:15.989398+00:00
T-shirt 428,7053120.0,4.9,3,L,Women,2026-04-03T16:37:15.989614+00:00
Hoodie 429,1658560.0,4.9,3,XL,Unisex,2026-04-03T16:37:15.989842+00:00
Pants 430,1442080.0,3.9,3,XXL,Men,2026-04-03T16:37:15.990056+00:00
Jacket 432,2151840.0,4.5,3,M,Unisex,2026-04-03T16:37:15.990496+00:00
Crewneck 433,3872480.0,4.2,3,L,Men,2026-04-03T16:37:15.990712+00:00
T-shirt 434,6557120.0,4.9,3,XL,Women,2026-04-03T16:37:15.990925+00:00
Hoodie 435,1015680.0,4.0,3,XXL,Unisex,2026-04-03T16:37:15.991138+00:00
Outerwear 437,1016800.0,3.9,3,M,Women,2026-04-03T16:37:15.991568+00:00
Jacket 438,2453120.0,4.5,3,L,Unisex,2026-04-03T16:37:15.991793+00:00
Crewneck 439,4005440.0,3.2,3,XL,Men,2026-04-03T16:37:15.992010+00:00
T-shirt 440,5326080.0,3.0,3,XXL,Women,2026-04-03T16:37:15.992239+00:00
Pants 442,4701600.0,4.3,3,M,Men,2026-04-03T16:37:16.092307+00:00
Outerwear 443,7262720.0,4.2,3,L,Women,2026-04-03T16:37:16.092527+00:00
Jacket 444,4016960.0,3.3,3,XL,Unisex,2026-04-03T16:37:16.092757+00:00
Crewneck 445,3574240.0,4.5,3,XXL,Men,2026-04-03T16:37:16.092981+00:00
T-shirt 446,7740160.0,3.2,3,S,Women,2026-04-03T16:37:16.093654+00:00
Hoodie 447,4748640.0,4.0,3,M,Unisex,2026-04-03T16:37:16.094165+00:00
Pants 448,820160.0,4.4,3,L,Men,2026-04-03T16:37:16.094529+00:00
Outerwear 449,6410080.0,4.0,3,XL,Women,2026-04-03T16:37:16.095020+00:00
Jacket 450,8754880.0,3.1,3,XXL,Unisex,2026-04-03T16:37:16.095342+00:00
T-shirt 452,6892800.0,4.4,3,M,Women,2026-04-03T16:37:16.096109+00:00
Hoodie 453,6576960.0,4.2,3,L,Unisex,2026-04-03T16:37:16.096350+00:00
Pants 454,2179520.0,5.0,3,XL,Men,2026-04-03T16:37:16.096569+00:00
Outerwear 455,1094080.0,4.8,3,XXL,Women,2026-04-03T16:37:16.096793+00:00
Jacket 456,8096000.0,4.1,3,S,Unisex,2026-04-03T16:37:16.097022+00:00
Crewneck 457,7342880.0,4.8,3,M,Men,2026-04-03T16:37:16.097249+00:00
T-shirt 458,4240000.0,4.4,3,L,Women,2026-04-03T16:37:16.097490+00:00
Hoodie 459,3237280.0,3.5,3,XL,Unisex,2026-04-03T16:37:16.097709+00:00
Pants 460,1880800.0,3.6,3,XXL,Men,2026-04-03T16:37:16.098002+00:00
Jacket 462,6767840.0,4.5,3,M,Unisex,2026-04-03T16:37:16.195386+00:00
Crewneck 463,7539520.0,4.5,3,L,Men,2026-04-03T16:37:16.195691+00:00
T-shirt 464,6070080.0,4.5,3,XL,Women,2026-04-03T16:37:16.195972+00:00
Hoodie 465,6164320.0,4.7,3,XXL,Unisex,2026-04-03T16:37:16.196202+00:00
Outerwear 467,1325920.0,3.5,3,M,Women,2026-04-03T16:37:16.196634+00:00
Jacket 468,4584960.0,3.7,3,L,Unisex,2026-04-03T16:37:16.196847+00:00
Crewneck 469,1738880.0,4.2,3,XL,Men,2026-04-03T16:37:16.197064+00:00
T-shirt 470,7738880.0,3.1,3,XXL,Women,2026-04-03T16:37:16.197276+00:00
Pants 472,3902080.0,3.1,3,M,Men,2026-04-03T16:37:16.197700+00:00
Outerwear 473,5478080.0,4.2,3,L,Women,2026-04-03T16:37:16.198019+00:00
Jacket 474,5864960.0,4.7,3,XL,Unisex,2026-04-03T16:37:16.198307+00:00
Crewneck 475,7017280.0,4.6,3,XXL,Men,2026-04-03T16:37:16.198521+00:00
T-shirt 476,3986240.0,4.3,3,S,Women,2026-04-03T16:37:16.198729+00:00
Hoodie 477,6626080.0,4.2,3,M,Unisex,2026-04-03T16:37:16.198938+00:00
Pants 478,4912000.0,3.8,3,L,Men,2026-04-03T16:37:16.199154+00:00
Outerwear 479,7302400.0,4.4,3,XL,Women,2026-04-03T16:37:16.199365+00:00
Jacket 480,4986240.0,4.2,3,XXL,Unisex,2026-04-03T16:37:16.199583+00:00
T-shirt 482,3352480.0,4.8,3,M,Women,2026-04-03T16:37:16.315523+00:00
Hoodie 483,4035040.0,4.2,3,L,Unisex,2026-04-03T16:37:16.315909+00:00
Pants 484,6428640.0,4.1,3,XL,Men,2026-04-03T16:37:16.316325+00:00
Outerwear 485,4044480.0,4.7,3,XXL,Women,2026-04-03T16:37:16.316729+00:00
Jacket 486,2573760.0,3.0,3,S,Unisex,2026-04-03T16:37:16.317113+00:00
Crewneck 487,6955520.0,3.7,3,M,Men,2026-04-03T16:37:16.317415+00:00
T-shirt 488,8789760.0,3.8,3,L,Women,2026-04-03T16:37:16.317710+00:00
Hoodie 489,3554560.0,5.0,3,XL,Unisex,2026-04-03T16:37:16.317965+00:00
Pants 490,7081600.0,3.1,3,XXL,Men,2026-04-03T16:37:16.318320+00:00
Jacket 492,6011840.0,3.0,3,M,Unisex,2026-04-03T16:37:16.318786+00:00
Crewneck 493,5071520.0,4.8,3,L,Men,2026-04-03T16:37:16.319181+00:00
T-shirt 494,1390080.0,3.4,3,XL,Women,2026-04-03T16:37:16.319481+00:00
Hoodie 495,1663200.0,4.5,3,XXL,Unisex,2026-04-03T16:37:16.319920+00:00
Outerwear 497,3957760.0,4.4,3,M,Women,2026-04-03T16:37:16.320701+00:00
Jacket 498,4412800.0,4.6,3,L,Unisex,2026-04-03T16:37:16.321071+00:00
Crewneck 499,7825920.0,4.1,3,XL,Men,2026-04-03T16:37:16.321462+00:00
T-shirt 500,8114400.0,4.2,3,XXL,Women,2026-04-03T16:37:16.321884+00:00
Pants 502,7132480.0,4.4,3,M,Men,2026-04-03T16:37:16.445546+00:00
Outerwear 503,4924480.0,4.8,3,L,Women,2026-04-03T16:37:16.445807+00:00
Jacket 504,8024480.0,5.0,3,XL,Unisex,2026-04-03T16:37:16.446131+00:00
Crewneck 505,8747680.0,4.3,3,XXL,Men,2026-04-03T16:37:16.446381+00:00
T-shirt 506,8572000.0,3.6,3,S,Women,2026-04-03T16:37:16.446614+00:00
Hoodie 507,6844000.0,4.7,3,M,Unisex,2026-04-03T16:37:16.446835+00:00
Pants 508,7766080.0,3.5,3,L,Men,2026-04-03T16:37:16.447075+00:00
Outerwear 509,7178400.0,3.1,3,XL,Women,2026-04-03T16:37:16.447460+00:00
Jacket 510,1562080.0,3.4,3,XXL,Unisex,2026-04-03T16:37:16.447863+00:00
T-shirt 512,4319680.0,3.7,3,M,Women,2026-04-03T16:37:16.448453+00:00
Hoodie 513,1693760.0,4.4,3,L,Unisex,2026-04-03T16:37:16.448675+00:00
Pants 514,6888960.0,3.9,3,XL,Men,2026-04-03T16:37:16.448894+00:00
Outerwear 515,7262560.0,3.1,3,XXL,Women,2026-04-03T16:37:16.449154+00:00
Jacket 516,7130720.0,3.4,3,S,Unisex,2026-04-03T16:37:16.449393+00:00
Crewneck 517,1069280.0,3.5,3,M,Men,2026-04-03T16:37:16.449620+00:00
T-shirt 518,2575680.0,4.1,3,L,Women,2026-04-03T16:37:16.449842+00:00
Hoodie 519,2236160.0,4.5,3,XL,Unisex,2026-04-03T16:37:16.450066+00:00
Pants 520,2308320.0,3.8,3,XXL,Men,2026-04-03T16:37:16.450293+00:00
Jacket 522,6292960.0,4.0,3,M,Unisex,2026-04-03T16:37:16.492557+00:00
Crewneck 523,3626720.0,4.6,3,L,Men,2026-04-03T16:37:16.492783+00:00
T-shirt 524,936000.0,3.8,3,XL,Women,2026-04-03T16:37:16.493006+00:00
Hoodie 525,7919040.0,3.6,3,XXL,Unisex,2026-04-03T16:37:16.493225+00:00
Outerwear 527,4669280.0,3.6,3,M,Women,2026-04-03T16:37:16.493675+00:00
Jacket 528,5595840.0,4.0,3,L,Unisex,2026-04-03T16:37:16.493910+00:00
Crewneck 529,1420160.0,3.2,3,XL,Men,2026-04-03T16:37:16.494145+00:00
T-shirt 530,6173760.0,3.3,3,XXL,Women,2026-04-03T16:37:16.494368+00:00
Pants 532,8391200.0,4.1,3,M,Men,2026-04-03T16:37:16.495174+00:00
Outerwear 533,3370240.0,4.2,3,L,Women,2026-04-03T16:37:16.495514+00:00
Jacket 534,3479200.0,3.7,3,XL,Unisex,2026-04-03T16:37:16.495944+00:00
Crewneck 535,3901280.0,3.7,3,XXL,Men,2026-04-03T16:37:16.496295+00:00
T-shirt 536,5092480.0,3.0,3,S,Women,2026-04-03T16:37:16.496610+00:00
Hoodie 537,8671840.0,3.1,3,M,Unisex,2026-04-03T16:37:16.496966+00:00
Pants 538,6134240.0,3.4,3,L,Men,2026-04-03T16:37:16.497215+00:00
Outerwear 539,4692640.0,4.7,3,XL,Women,2026-04-03T16:37:16.497479+00:00
Jacket 540,7051840.0,4.4,3,XXL,Unisex,2026-04-03T16:37:16.497714+00:00
T-shirt 542,4761440.0,3.5,3,M,Women,2026-04-03T16:37:16.615443+00:00
Hoodie 543,8715680.0,4.7,3,L,Unisex,2026-04-03T16:37:16.615677+00:00
Pants 544,5957760.0,3.1,3,XL,Men,2026-04-03T16:37:16.615901+00:00
Outerwear 545,3579360.0,4.0,3,XXL,Women,2026-04-03T16:37:16.616143+00:00
Jacket 546,6271520.0,3.3,3,S,Unisex,2026-04-03T16:37:16.616376+00:00
Crewneck 547,5361120.0,3.9,3,M,Men,2026-04-03T16:37:16.616595+00:00
T-shirt 548,2686240.0,4.6,3,L,Women,2026-04-03T16:37:16.616820+00:00
Hoodie 549,2687200.0,3.7,3,XL,Unisex,2026-04-03T16:37:16.617036+00:00
Pants 550,4450080.0,4.9,3,XXL,Men,2026-04-03T16:37:16.617251+00:00
Jacket 552,5380320.0,4.1,3,M,Unisex,2026-04-03T16:37:16.617682+00:00
Crewneck 553,7760800.0,3.8,3,L,Men,2026-04-03T16:37:16.617900+00:00
T-shirt 554,4001120.0,4.5,3,XL,Women,2026-04-03T16:37:16.618128+00:00
Hoodie 555,1809600.0,3.0,3,XXL,Unisex,2026-04-03T16:37:16.618348+00:00
Outerwear 557,5460480.0,3.4,3,M,Women,2026-04-03T16:37:16.618908+00:00
Jacket 558,5007040.0,4.0,3,L,Unisex,2026-04-03T16:37:16.619138+00:00
Crewneck 559,1590880.0,3.5,3,XL,Men,2026-04-03T16:37:16.619376+00:00
T-shirt 560,6885280.0,4.2,3,XXL,Women,2026-04-03T16:37:16.619605+00:00
Pants 562,3724160.0,4.5,3,M,Men,2026-04-03T16:37:16.709540+00:00
Outerwear 563,8197440.000000001,4.7,3,L,Women,2026-04-03T16:37:16.709763+00:00
Jacket 564,8319200.000000001,4.3,3,XL,Unisex,2026-04-03T16:37:16.709986+00:00
Crewneck 565,7635200.0,3.5,3,XXL,Men,2026-04-03T16:37:16.710211+00:00
T-shirt 566,2611360.0,4.6,3,S,Women,2026-04-03T16:37:16.710429+00:00
Hoodie 567,4576160.0,3.2,3,M,Unisex,2026-04-03T16:37:16.710646+00:00
Pants 568,2984160.0,3.3,3,L,Men,2026-04-03T16:37:16.710943+00:00
Outerwear 569,4966880.0,4.7,3,XL,Women,2026-04-03T16:37:16.711177+00:00
Jacket 570,4000960.0,3.9,3,XXL,Unisex,2026-04-03T16:37:16.711563+00:00
T-shirt 572,4756320.0,3.2,3,M,Women,2026-04-03T16:37:16.712161+00:00
Hoodie 573,6954080.0,4.5,3,L,Unisex,2026-04-03T16:37:16.712525+00:00
Pants 574,2424000.0,3.8,3,XL,Men,2026-04-03T16:37:16.712965+00:00
Outerwear 575,3517760.0,3.4,3,XXL,Women,2026-04-03T16:37:16.713356+00:00
Jacket 576,805600.0,3.5,3,S,Unisex,2026-04-03T16:37:16.713745+00:00
Crewneck 577,7873920.0,3.3,3,M,Men,2026-04-03T16:37:16.714002+00:00
T-shirt 578,7958880.0,4.1,3,L,Women,2026-04-03T16:37:16.714230+00:00
Hoodie 579,4428640.0,4.4,3,XL,Unisex,2026-04-03T16:37:16.714452+00:00
Pants 580,2625440.0,3.3,3,XXL,Men,2026-04-03T16:37:16.714670+00:00
Jacket 582,4112160.0,4.1,3,M,Unisex,2026-04-03T16:37:16.847979+00:00
Crewneck 583,5737760.0,4.5,3,L,Men,2026-04-03T16:37:16.848293+00:00
T-shirt 584,6964960.0,4.8,3,XL,Women,2026-04-03T16:37:16.848541+00:00
Hoodie 585,6186880.0,4.9,3,XXL,Unisex,2026-04-03T16:37:16.848767+00:00
Outerwear 587,4424960.0,4.4,3,M,Women,2026-04-03T16:37:16.849198+00:00
Jacket 588,4963040.0,4.7,3,L,Unisex,2026-04-03T16:37:16.849449+00:00
Crewneck 589,931840.0,4.7,3,XL,Men,2026-04-03T16:37:16.849679+00:00
T-shirt 590,6457120.0,3.9,3,XXL,Women,2026-04-03T16:37:16.849908+00:00
Pants 592,6805440.0,4.3,3,M,Men,2026-04-03T16:37:16.850353+00:00
Outerwear 593,7163840.0,3.9,3,L,Women,2026-04-03T16:37:16.850569+00:00
Jacket 594,8707680.0,4.2,3,XL,Unisex,2026-04-03T16:37:16.850790+00:00
Crewneck 595,3723840.0,3.5,3,XXL,Men,2026-04-03T16:37:16.851010+00:00
T-shirt 596,8290400.0,4.4,3,S,Women,2026-04-03T16:37:16.851224+00:00
Hoodie 597,7969440.0,3.3,3,M,Unisex,2026-04-03T16:37:16.851475+00:00
Pants 598,4714080.0,4.1,3,L,Men,2026-04-03T16:37:16.851704+00:00
Outerwear 599,1179040.0,3.3,3,XL,Women,2026-04-03T16:37:16.851984+00:00
Jacket 600,6414080.0,3.0,3,XXL,Unisex,2026-04-03T16:37:16.852271+00:00
T-shirt 602,2260960.0,4.4,3,M,Women,2026-04-03T16:37:16.937048+00:00
Hoodie 603,7511520.0,3.1,3,L,Unisex,2026-04-03T16:37:16.937264+00:00
Pants 604,7662240.0,4.3,3,XL,Men,2026-04-03T16:37:16.937483+00:00
Outerwear 605,1710720.0,3.7,3,XXL,Women,2026-04-03T16:37:16.937699+00:00
Jacket 606,5770720.0,4.6,3,S,Unisex,2026-04-03T16:37:16.937912+00:00
Crewneck 607,3857600.0,3.1,3,M,Men,2026-04-03T16:37:16.938124+00:00
T-shirt 608,7047840.0,4.6,3,L,Women,2026-04-03T16:37:16.938338+00:00
Hoodie 609,2956320.0,4.1,3,XL,Unisex,2026-04-03T16:37:16.938623+00:00
Pants 610,4515360.0,3.3,3,XXL,Men,2026-04-03T16:37:16.938858+00:00
Jacket 612,3202720.0,3.1,3,M,Unisex,2026-04-03T16:37:16.939286+00:00
Crewneck 613,1013920.0,3.6,3,L,Men,2026-04-03T16:37:16.939497+00:00
T-shirt 614,2428160.0,3.1,3,XL,Women,2026-04-03T16:37:16.939716+00:00
Hoodie 615,4798720.0,4.8,3,XXL,Unisex,2026-04-03T16:37:16.939928+00:00
Outerwear 617,1765920.0,4.3,3,M,Women,2026-04-03T16:37:16.940360+00:00
Jacket 618,6474080.0,3.3,3,L,Unisex,2026-04-03T16:37:16.940592+00:00
Crewneck 619,8340639.999999999,4.4,3,XL,Men,2026-04-03T16:37:16.940804+00:00
T-shirt 620,2270240.0,3.3,3,XXL,Women,2026-04-03T16:37:16.941021+00:00
Pants 622,4849600.0,3.5,3,M,Men,2026-04-03T16:37:17.081947+00:00
Outerwear 623,7299520.0,4.6,3,L,Women,2026-04-03T16:37:17.082179+00:00
Jacket 624,6943200.0,3.9,3,XL,Unisex,2026-04-03T16:37:17.082406+00:00
Crewneck 625,7826400.0,4.1,3,XXL,Men,2026-04-03T16:37:17.082622+00:00
T-shirt 626,7777440.0,4.5,3,S,Women,2026-04-03T16:37:17.082836+00:00
Hoodie 627,1232320.0,3.2,3,M,Unisex,2026-04-03T16:37:17.083067+00:00
Pants 628,8113120.0,4.3,3,L,Men,2026-04-03T16:37:17.083279+00:00
Outerwear 629,3997920.0,4.4,3,XL,Women,2026-04-03T16:37:17.083490+00:00
Jacket 630,1003680.0,3.8,3,XXL,Unisex,2026-04-03T16:37:17.083699+00:00
T-shirt 632,4314240.0,3.6,3,M,Women,2026-04-03T16:37:17.084130+00:00
Hoodie 633,3128000.0,3.1,3,L,Unisex,2026-04-03T16:37:17.084339+00:00
Pants 634,8535680.0,3.9,3,XL,Men,2026-04-03T16:37:17.084548+00:00
Outerwear 635,6897120.0,4.1,3,XXL,Women,2026-04-03T16:37:17.084762+00:00
Jacket 636,3476320.0,4.5,3,S,Unisex,2026-04-03T16:37:17.084984+00:00
Crewneck 637,6030240.0,4.0,3,M,Men,2026-04-03T16:37:17.085203+00:00
T-shirt 638,5220960.0,4.6,3,L,Women,2026-04-03T16:37:17.085436+00:00
Hoodie 639,6782720.0,4.7,3,XL,Unisex,2026-04-03T16:37:17.085658+00:00
Pants 640,3038560.0,3.8,3,XXL,Men,2026-04-03T16:37:17.085879+00:00
Jacket 642,7747360.0,4.7,3,M,Unisex,2026-04-03T16:37:17.207763+00:00
Crewneck 643,6116000.0,3.2,3,L,Men,2026-04-03T16:37:17.207983+00:00
T-shirt 644,7479360.0,4.2,3,XL,Women,2026-04-03T16:37:17.208198+00:00
Hoodie 645,3285440.0,3.3,3,XXL,Unisex,2026-04-03T16:37:17.208422+00:00
Outerwear 647,4304960.0,3.8,3,M,Women,2026-04-03T16:37:17.208926+00:00
Jacket 648,8699520.0,4.5,3,L,Unisex,2026-04-03T16:37:17.209139+00:00
Crewneck 649,8588160.0,3.2,3,XL,Men,2026-04-03T16:37:17.209351+00:00
T-shirt 650,8012800.0,3.4,3,XXL,Women,2026-04-03T16:37:17.209571+00:00
Pants 652,6084960.0,3.3,3,M,Men,2026-04-03T16:37:17.210004+00:00
Outerwear 653,2622080.0,4.0,3,L,Women,2026-04-03T16:37:17.210217+00:00
Jacket 654,4089440.0,4.7,3,XL,Unisex,2026-04-03T16:37:17.210442+00:00
Crewneck 655,1834240.0,4.1,3,XXL,Men,2026-04-03T16:37:17.210670+00:00
T-shirt 656,2538720.0,4.2,3,S,Women,2026-04-03T16:37:17.210884+00:00
Hoodie 657,8459040.0,4.8,3,M,Unisex,2026-04-03T16:37:17.211098+00:00
Pants 658,6268320.0,3.8,3,L,Men,2026-04-03T16:37:17.211315+00:00
Outerwear 659,1817920.0,3.3,3,XL,Women,2026-04-03T16:37:17.211531+00:00
Jacket 660,8715200.0,3.5,3,XXL,Unisex,2026-04-03T16:37:17.212264+00:00
T-shirt 662,1422720.0,4.5,3,M,Women,2026-04-03T16:37:17.316238+00:00
Hoodie 663,7087200.0,4.0,3,L,Unisex,2026-04-03T16:37:17.316468+00:00
Pants 664,8248639.999999999,3.5,3,XL,Men,2026-04-03T16:37:17.316737+00:00
Outerwear 665,4033600.0,3.2,3,XXL,Women,2026-04-03T16:37:17.316965+00:00
Jacket 666,4844000.0,3.9,3,S,Unisex,2026-04-03T16:37:17.317196+00:00
Crewneck 667,1756640.0,3.7,3,M,Men,2026-04-03T16:37:17.317410+00:00
T-shirt 668,5044640.0,3.7,3,L,Women,2026-04-03T16:37:17.317654+00:00
Hoodie 669,2346080.0,3.3,3,XL,Unisex,2026-04-03T16:37:17.317911+00:00
Pants 670,8406720.0,4.8,3,XXL,Men,2026-04-03T16:37:17.318188+00:00
Jacket 672,4776160.0,4.5,3,M,Unisex,2026-04-03T16:37:17.318639+00:00
Crewneck 673,2803360.0,4.7,3,L,Men,2026-04-03T16:37:17.318860+00:00
T-shirt 674,3156640.0,3.1,3,XL,Women,2026-04-03T16:37:17.319103+00:00
Hoodie 675,4314880.0,3.2,3,XXL,Unisex,2026-04-03T16:37:17.319317+00:00
Outerwear 677,4657440.0,3.3,3,M,Women,2026-04-03T16:37:17.319741+00:00
Jacket 678,2777120.0,4.3,3,L,Unisex,2026-04-03T16:37:17.319960+00:00
Crewneck 679,6373120.0,3.2,3,XL,Men,2026-04-03T16:37:17.320189+00:00
T-shirt 680,8164800.0,3.2,3,XXL,Women,2026-04-03T16:37:17.320399+00:00
Pants 682,7616480.0,3.9,3,M,Men,2026-04-03T16:37:17.418268+00:00
Outerwear 683,3907360.0,3.6,3,L,Women,2026-04-03T16:37:17.418554+00:00
Jacket 684,7102560.0,3.5,3,XL,Unisex,2026-04-03T16:37:17.418774+00:00
Crewneck 685,1495840.0,4.6,3,XXL,Men,2026-04-03T16:37:17.418993+00:00
T-shirt 686,5381760.0,3.8,3,S,Women,2026-04-03T16:37:17.419219+00:00
Hoodie 687,4220800.0,4.7,3,M,Unisex,2026-04-03T16:37:17.419434+00:00
Pants 688,1487520.0,4.4,3,L,Men,2026-04-03T16:37:17.419649+00:00
Outerwear 689,1939040.0,4.6,3,XL,Women,2026-04-03T16:37:17.419880+00:00
Jacket 690,8782560.0,4.7,3,XXL,Unisex,2026-04-03T16:37:17.420094+00:00
T-shirt 692,1416480.0,4.1,3,M,Women,2026-04-03T16:37:17.420536+00:00
Hoodie 693,3031680.0,4.1,3,L,Unisex,2026-04-03T16:37:17.420752+00:00
Pants 694,2466720.0,3.4,3,XL,Men,2026-04-03T16:37:17.420965+00:00
Outerwear 695,959360.0,3.3,3,XXL,Women,2026-04-03T16:37:17.421189+00:00
Jacket 696,5146240.0,4.2,3,S,Unisex,2026-04-03T16:37:17.421411+00:00
Crewneck 697,6545120.0,5.0,3,M,Men,2026-04-03T16:37:17.421634+00:00
T-shirt 698,2444960.0,4.1,3,L,Women,2026-04-03T16:37:17.421850+00:00
Hoodie 699,5250240.0,4.5,3,XL,Unisex,2026-04-03T16:37:17.422064+00:00
Pants 700,3526560.0,4.3,3,XXL,Men,2026-04-03T16:37:17.422282+00:00
Jacket 702,4927680.0,4.3,3,M,Unisex,2026-04-03T16:37:17.606750+00:00
Crewneck 703,2949120.0,4.2,3,L,Men,2026-04-03T16:37:17.606982+00:00
T-shirt 704,6214240.0,4.1,3,XL,Women,2026-04-03T16:37:17.607262+00:00
Hoodie 705,3042880.0,3.1,3,XXL,Unisex,2026-04-03T16:37:17.607502+00:00
Outerwear 707,7746240.0,4.4,3,M,Women,2026-04-03T16:37:17.607948+00:00
Jacket 708,8541280.0,4.3,3,L,Unisex,2026-04-03T16:37:17.608163+00:00
Crewneck 709,7022400.0,3.9,3,XL,Men,2026-04-03T16:37:17.608399+00:00
T-shirt 710,3751520.0,3.2,3,XXL,Women,2026-04-03T16:37:17.608619+00:00
Pants 712,1510400.0,4.1,3,M,Men,2026-04-03T16:37:17.609045+00:00
Outerwear 713,3142880.0,4.4,3,L,Women,2026-04-03T16:37:17.609257+00:00
Jacket 714,892320.0,3.1,3,XL,Unisex,2026-04-03T16:37:17.609486+00:00
Crewneck 715,7021760.0,3.9,3,XXL,Men,2026-04-03T16:37:17.609706+00:00
T-shirt 716,3602560.0,4.9,3,S,Women,2026-04-03T16:37:17.609935+00:00
Hoodie 717,1532800.0,3.6,3,M,Unisex,2026-04-03T16:37:17.610150+00:00
Pants 718,4057120.0,3.2,3,L,Men,2026-04-03T16:37:17.610385+00:00
Outerwear 719,3172960.0,4.7,3,XL,Women,2026-04-03T16:37:17.610605+00:00
Jacket 720,2028320.0,3.8,3,XXL,Unisex,2026-04-03T16:37:17.610822+00:00
T-shirt 722,8724320.0,3.2,3,M,Women,2026-04-03T16:37:17.767330+00:00
Hoodie 723,5664800.0,3.4,3,L,Unisex,2026-04-03T16:37:17.767554+00:00
Pants 724,4824800.0,4.7,3,XL,Men,2026-04-03T16:37:17.767779+00:00
Outerwear 725,4979200.0,3.0,3,XXL,Women,2026-04-03T16:37:17.767995+00:00
Jacket 726,6345920.0,3.5,3,S,Unisex,2026-04-03T16:37:17.768210+00:00
Crewneck 727,4024000.0,4.8,3,M,Men,2026-04-03T16:37:17.768420+00:00
T-shirt 728,8173440.0,3.0,3,L,Women,2026-04-03T16:37:17.768644+00:00
Hoodie 729,6431360.0,3.6,3,XL,Unisex,2026-04-03T16:37:17.768876+00:00
Pants 730,7228800.0,4.5,3,XXL,Men,2026-04-03T16:37:17.769091+00:00
Jacket 732,6597600.0,3.9,3,M,Unisex,2026-04-03T16:37:17.769533+00:00
Crewneck 733,1162880.0,4.7,3,L,Men,2026-04-03T16:37:17.769746+00:00
T-shirt 734,6858560.0,4.2,3,XL,Women,2026-04-03T16:37:17.769958+00:00
Hoodie 735,4664320.0,4.0,3,XXL,Unisex,2026-04-03T16:37:17.770172+00:00
Outerwear 737,1015680.0,4.7,3,M,Women,2026-04-03T16:37:17.770615+00:00
Jacket 738,1893920.0,3.7,3,L,Unisex,2026-04-03T16:37:17.770833+00:00
Crewneck 739,8072960.0,3.3,3,XL,Men,2026-04-03T16:37:17.771047+00:00
T-shirt 740,7016640.0,3.4,3,XXL,Women,2026-04-03T16:37:17.771261+00:00
Pants 742,5626080.0,3.6,3,M,Men,2026-04-03T16:37:17.831594+00:00
Outerwear 743,5678080.0,3.0,3,L,Women,2026-04-03T16:37:17.831821+00:00
Jacket 744,5175680.0,4.1,3,XL,Unisex,2026-04-03T16:37:17.832060+00:00
Crewneck 745,2882560.0,3.8,3,XXL,Men,2026-04-03T16:37:17.832286+00:00
T-shirt 746,1517440.0,5.0,3,S,Women,2026-04-03T16:37:17.832509+00:00
Hoodie 747,6326880.0,4.7,3,M,Unisex,2026-04-03T16:37:17.832743+00:00
Pants 748,3134080.0,3.7,3,L,Men,2026-04-03T16:37:17.832960+00:00
Outerwear 749,2627360.0,3.2,3,XL,Women,2026-04-03T16:37:17.833180+00:00
Jacket 750,1030400.0000000001,3.7,3,XXL,Unisex,2026-04-03T16:37:17.833406+00:00
T-shirt 752,7431520.0,3.8,3,M,Women,2026-04-03T16:37:17.833852+00:00
Hoodie 753,8137600.0,4.8,3,L,Unisex,2026-04-03T16:37:17.834069+00:00
Pants 754,7229760.0,3.1,3,XL,Men,2026-04-03T16:37:17.834283+00:00
Outerwear 755,6910400.0,4.6,3,XXL,Women,2026-04-03T16:37:17.834510+00:00
Jacket 756,7128000.0,3.1,3,S,Unisex,2026-04-03T16:37:17.834759+00:00
Crewneck 757,7582720.0,4.4,3,M,Men,2026-04-03T16:37:17.834977+00:00
T-shirt 758,6025920.0,3.1,3,L,Women,2026-04-03T16:37:17.835212+00:00
Hoodie 759,2779840.0,4.7,3,XL,Unisex,2026-04-03T16:37:17.835431+00:00
Pants 760,2191040.0,4.1,3,XXL,Men,2026-04-03T16:37:17.835678+00:00
Jacket 762,4091840.0,4.9,3,M,Unisex,2026-04-03T16:37:17.932381+00:00
Crewneck 763,5792640.0,3.9,3,L,Men,2026-04-03T16:37:17.932612+00:00
T-shirt 764,7211680.0,3.4,3,XL,Women,2026-04-03T16:37:17.932869+00:00
Hoodie 765,1343360.0,4.9,3,XXL,Unisex,2026-04-03T16:37:17.933313+00:00
Outerwear 767,4152800.0,4.5,3,M,Women,2026-04-03T16:37:17.934075+00:00
Jacket 768,5662080.0,4.9,3,L,Unisex,2026-04-03T16:37:17.934377+00:00
Crewneck 769,6294560.0,3.3,3,XL,Men,2026-04-03T16:37:17.934604+00:00
T-shirt 770,1655040.0,3.5,3,XXL,Women,2026-04-03T16:37:17.934849+00:00
Pants 772,8748160.0,3.4,3,M,Men,2026-04-03T16:37:17.935288+00:00
Outerwear 773,3393600.0,3.2,3,L,Women,2026-04-03T16:37:17.935502+00:00
Jacket 774,1485760.0,4.1,3,XL,Unisex,2026-04-03T16:37:17.935767+00:00
Crewneck 775,8189440.0,3.1,3,XXL,Men,2026-04-03T16:37:17.935988+00:00
T-shirt 776,5333120.0,3.7,3,S,Women,2026-04-03T16:37:17.936201+00:00
Hoodie 777,6104800.0,3.4,3,M,Unisex,2026-04-03T16:37:17.936428+00:00
Pants 778,6034720.0,4.2,3,L,Men,2026-04-03T16:37:17.936658+00:00
Outerwear 779,5816480.0,3.2,3,XL,Women,2026-04-03T16:37:17.936898+00:00
Jacket 780,2767520.0,3.4,3,XXL,Unisex,2026-04-03T16:37:17.937118+00:00
T-shirt 782,4117439.9999999995,4.5,3,M,Women,2026-04-03T16:37:18.081828+00:00
Hoodie 783,2510720.0,3.0,3,L,Unisex,2026-04-03T16:37:18.082153+00:00
Pants 784,5341280.0,3.0,3,XL,Men,2026-04-03T16:37:18.082384+00:00
Outerwear 785,6444480.0,4.3,3,XXL,Women,2026-04-03T16:37:18.082607+00:00
Jacket 786,6749280.0,5.0,3,S,Unisex,2026-04-03T16:37:18.082826+00:00
Crewneck 787,4593600.0,4.7,3,M,Men,2026-04-03T16:37:18.083061+00:00
T-shirt 788,3041120.0,4.7,3,L,Women,2026-04-03T16:37:18.083287+00:00
Hoodie 789,2153280.0,4.0,3,XL,Unisex,2026-04-03T16:37:18.083502+00:00
Pants 790,1708320.0,3.2,3,XXL,Men,2026-04-03T16:37:18.083712+00:00
Jacket 792,4068960.0,3.8,3,M,Unisex,2026-04-03T16:37:18.084141+00:00
Crewneck 793,8650080.0,4.0,3,L,Men,2026-04-03T16:37:18.084356+00:00
T-shirt 794,5983040.0,4.0,3,XL,Women,2026-04-03T16:37:18.084811+00:00
Hoodie 795,4209600.0,3.9,3,XXL,Unisex,2026-04-03T16:37:18.085176+00:00
Outerwear 797,2771360.0,4.9,3,M,Women,2026-04-03T16:37:18.085706+00:00
Jacket 798,4391040.0,3.4,3,L,Unisex,2026-04-03T16:37:18.085929+00:00
Crewneck 799,4048800.0,4.2,3,XL,Men,2026-04-03T16:37:18.086141+00:00
T-shirt 800,7433280.0,4.6,3,XXL,Women,2026-04-03T16:37:18.086375+00:00
Pants 802,5710240.0,4.4,3,M,Men,2026-04-03T16:37:18.138471+00:00
Outerwear 803,1875360.0,4.3,3,L,Women,2026-04-03T16:37:18.138692+00:00
Jacket 804,4459040.0,3.9,3,XL,Unisex,2026-04-03T16:37:18.138909+00:00
Crewneck 805,3266720.0,4.8,3,XXL,Men,2026-04-03T16:37:18.139148+00:00
T-shirt 806,7310560.0,3.0,3,S,Women,2026-04-03T16:37:18.139376+00:00
Hoodie 807,5016000.0,4.7,3,M,Unisex,2026-04-03T16:37:18.139590+00:00
Pants 808,8717760.0,3.2,3,L,Men,2026-04-03T16:37:18.139805+00:00
Outerwear 809,7162560.0,3.7,3,XL,Women,2026-04-03T16:37:18.140031+00:00
Jacket 810,3796640.0,4.8,3,XXL,Unisex,2026-04-03T16:37:18.140247+00:00
T-shirt 812,6406080.0,4.2,3,M,Women,2026-04-03T16:37:18.140675+00:00
Hoodie 813,4872800.0,5.0,3,L,Unisex,2026-04-03T16:37:18.140979+00:00
Pants 814,1110080.0,4.7,3,XL,Men,2026-04-03T16:37:18.141217+00:00
Outerwear 815,5985440.0,4.8,3,XXL,Women,2026-04-03T16:37:18.141432+00:00
Jacket 816,1649120.0,4.5,3,S,Unisex,2026-04-03T16:37:18.141646+00:00
Crewneck 817,8744160.0,4.4,3,M,Men,2026-04-03T16:37:18.141857+00:00
T-shirt 818,5160320.0,3.8,3,L,Women,2026-04-03T16:37:18.142083+00:00
Hoodie 819,4742400.0,4.7,3,XL,Unisex,2026-04-03T16:37:18.142298+00:00
Pants 820,6030720.0,3.4,3,XXL,Men,2026-04-03T16:37:18.142512+00:00
Jacket 822,838240.0,4.2,3,M,Unisex,2026-04-03T16:37:18.262197+00:00
Crewneck 823,6103520.0,4.7,3,L,Men,2026-04-03T16:37:18.262424+00:00
T-shirt 824,3301440.0,4.1,3,XL,Women,2026-04-03T16:37:18.262651+00:00
Hoodie 825,1058400.0,3.8,3,XXL,Unisex,2026-04-03T16:37:18.262874+00:00
Outerwear 827,7091040.0,4.8,3,M,Women,2026-04-03T16:37:18.263639+00:00
Jacket 828,2324000.0,4.6,3,L,Unisex,2026-04-03T16:37:18.263876+00:00
Crewneck 829,4630400.0,4.4,3,XL,Men,2026-04-03T16:37:18.264099+00:00
T-shirt 830,4496480.0,3.0,3,XXL,Women,2026-04-03T16:37:18.264402+00:00
Pants 832,3955360.0,4.6,3,M,Men,2026-04-03T16:37:18.264955+00:00
Outerwear 833,7101280.0,3.0,3,L,Women,2026-04-03T16:37:18.265172+00:00
Jacket 834,7223680.0,3.1,3,XL,Unisex,2026-04-03T16:37:18.265426+00:00
Crewneck 835,7143360.0,3.9,3,XXL,Men,2026-04-03T16:37:18.265770+00:00
T-shirt 836,6065440.0,4.1,3,S,Women,2026-04-03T16:37:18.266082+00:00
Hoodie 837,5532640.0,5.0,3,M,Unisex,2026-04-03T16:37:18.266307+00:00
Pants 838,2848800.0,3.1,3,L,Men,2026-04-03T16:37:18.266531+00:00
Outerwear 839,4208320.0,3.9,3,XL,Women,2026-04-03T16:37:18.266761+00:00
Jacket 840,8164640.0,3.6,3,XXL,Unisex,2026-04-03T16:37:18.267065+00:00
T-shirt 842,2859040.0,3.3,3,M,Women,2026-04-03T16:37:18.390919+00:00
Hoodie 843,2997120.0,3.6,3,L,Unisex,2026-04-03T16:37:18.391140+00:00
Pants 844,7422880.0,3.9,3,XL,Men,2026-04-03T16:37:18.391361+00:00
Outerwear 845,2023200.0,3.2,3,XXL,Women,2026-04-03T16:37:18.391600+00:00
Jacket 846,7480480.0,3.6,3,S,Unisex,2026-04-03T16:37:18.391827+00:00
Crewneck 847,4789920.0,3.7,3,M,Men,2026-04-03T16:37:18.392045+00:00
T-shirt 848,6134240.0,4.1,3,L,Women,2026-04-03T16:37:18.392259+00:00
Hoodie 849,7816160.0,3.5,3,XL,Unisex,2026-04-03T16:37:18.392475+00:00
Pants 850,4144160.0,4.2,3,XXL,Men,2026-04-03T16:37:18.392697+00:00
Jacket 852,2777280.0,4.1,3,M,Unisex,2026-04-03T16:37:18.393144+00:00
Crewneck 853,2643840.0,3.4,3,L,Men,2026-04-03T16:37:18.393364+00:00
T-shirt 854,1600000.0,4.5,3,XL,Women,2026-04-03T16:37:18.393585+00:00
Hoodie 855,3249760.0,5.0,3,XXL,Unisex,2026-04-03T16:37:18.393811+00:00
Outerwear 857,4532800.0,3.0,3,M,Women,2026-04-03T16:37:18.394245+00:00
Jacket 858,3748640.0,3.7,3,L,Unisex,2026-04-03T16:37:18.394467+00:00
Crewneck 859,6418560.0,3.0,3,XL,Men,2026-04-03T16:37:18.394723+00:00
T-shirt 860,2419360.0,4.7,3,XXL,Women,2026-04-03T16:37:18.395092+00:00
Pants 862,4131359.9999999995,3.3,3,M,Men,2026-04-03T16:37:18.446185+00:00
Outerwear 863,1071360.0,4.0,3,L,Women,2026-04-03T16:37:18.446406+00:00
Jacket 864,2168000.0,4.5,3,XL,Unisex,2026-04-03T16:37:18.446713+00:00
Crewneck 865,6805120.0,3.9,3,XXL,Men,2026-04-03T16:37:18.447042+00:00
T-shirt 866,2399040.0,3.2,3,S,Women,2026-04-03T16:37:18.447384+00:00
Hoodie 867,1303840.0,3.3,3,M,Unisex,2026-04-03T16:37:18.447873+00:00
Pants 868,7473760.0,4.6,3,L,Men,2026-04-03T16:37:18.448373+00:00
Outerwear 869,6040320.0,4.5,3,XL,Women,2026-04-03T16:37:18.448665+00:00
Jacket 870,6395040.0,3.5,3,XXL,Unisex,2026-04-03T16:37:18.448892+00:00
T-shirt 872,1343680.0,4.3,3,M,Women,2026-04-03T16:37:18.449329+00:00
Hoodie 873,8321600.0,4.8,3,L,Unisex,2026-04-03T16:37:18.449542+00:00
Pants 874,2755200.0,4.4,3,XL,Men,2026-04-03T16:37:18.449756+00:00
Outerwear 875,2506720.0,4.6,3,XXL,Women,2026-04-03T16:37:18.450007+00:00
Jacket 876,3225760.0,4.6,3,S,Unisex,2026-04-03T16:37:18.450228+00:00
Crewneck 877,4552640.0,4.6,3,M,Men,2026-04-03T16:37:18.450442+00:00
T-shirt 878,4809760.0,4.7,3,L,Women,2026-04-03T16:37:18.450662+00:00
Hoodie 879,1026880.0000000001,3.1,3,XL,Unisex,2026-04-03T16:37:18.450878+00:00
Pants 880,6497760.0,4.3,3,XXL,Men,2026-04-03T16:37:18.451103+00:00
Jacket 882,6420960.0,3.3,3,M,Unisex,2026-04-03T16:37:18.568389+00:00
Crewneck 883,5901120.0,3.6,3,L,Men,2026-04-03T16:37:18.568617+00:00
T-shirt 884,7414720.0,4.3,3,XL,Women,2026-04-03T16:37:18.568838+00:00
Hoodie 885,4760640.0,3.4,3,XXL,Unisex,2026-04-03T16:37:18.569054+00:00
Outerwear 887,7806400.0,3.8,3,M,Women,2026-04-03T16:37:18.569503+00:00
Jacket 888,7869280.0,4.2,3,L,Unisex,2026-04-03T16:37:18.569728+00:00
Crewneck 889,6333920.0,4.6,3,XL,Men,2026-04-03T16:37:18.569945+00:00
T-shirt 890,6439040.0,4.7,3,XXL,Women,2026-04-03T16:37:18.570160+00:00
Pants 892,8515360.0,4.4,3,M,Men,2026-04-03T16:37:18.570591+00:00
Outerwear 893,2673600.0,3.2,3,L,Women,2026-04-03T16:37:18.570803+00:00
Jacket 894,2946560.0,4.8,3,XL,Unisex,2026-04-03T16:37:18.571016+00:00
Crewneck 895,1126720.0,4.3,3,XXL,Men,2026-04-03T16:37:18.571243+00:00
T-shirt 896,7873760.0,4.9,3,S,Women,2026-04-03T16:37:18.571459+00:00
Hoodie 897,6077920.0,3.1,3,M,Unisex,2026-04-03T16:37:18.571674+00:00
Pants 898,8408640.0,4.1,3,L,Men,2026-04-03T16:37:18.571891+00:00
Outerwear 899,6192960.0,4.8,3,XL,Women,2026-04-03T16:37:18.572105+00:00
Jacket 900,7214240.0,3.3,3,XXL,Unisex,2026-04-03T16:37:18.572328+00:00
T-shirt 902,3164000.0,3.6,3,M,Women,2026-04-03T16:37:18.651953+00:00
Hoodie 903,2617920.0,4.1,3,L,Unisex,2026-04-03T16:37:18.652181+00:00
Pants 904,3356320.0,3.9,3,XL,Men,2026-04-03T16:37:18.652403+00:00
Outerwear 905,5027840.0,4.9,3,XXL,Women,2026-04-03T16:37:18.652629+00:00
Jacket 906,4301760.0,3.9,3,S,Unisex,2026-04-03T16:37:18.652856+00:00
Crewneck 907,8732640.0,4.9,3,M,Men,2026-04-03T16:37:18.653082+00:00
T-shirt 908,7954880.0,4.2,3,L,Women,2026-04-03T16:37:18.653302+00:00
Hoodie 909,8383840.0,3.6,3,XL,Unisex,2026-04-03T16:37:18.653521+00:00
Pants 910,2395200.0,4.7,3,XXL,Men,2026-04-03T16:37:18.653737+00:00
Jacket 912,7853280.0,4.9,3,M,Unisex,2026-04-03T16:37:18.654165+00:00
Crewneck 913,3222240.0,3.5,3,L,Men,2026-04-03T16:37:18.654379+00:00
T-shirt 914,5799200.0,4.6,3,XL,Women,2026-04-03T16:37:18.654596+00:00
Hoodie 915,2649120.0,4.2,3,XXL,Unisex,2026-04-03T16:37:18.654819+00:00
Outerwear 917,6061600.0,4.0,3,M,Women,2026-04-03T16:37:18.655261+00:00
Jacket 918,5380800.0,3.3,3,L,Unisex,2026-04-03T16:37:18.655484+00:00
Crewneck 919,8364000.0,4.7,3,XL,Men,2026-04-03T16:37:18.655702+00:00
T-shirt 920,3706080.0,3.2,3,XXL,Women,2026-04-03T16:37:18.655980+00:00
Pants 922,1210880.0,4.4,3,M,Men,2026-04-03T16:37:18.812552+00:00
Outerwear 923,2435840.0,3.7,3,L,Women,2026-04-03T16:37:18.812777+00:00
Jacket 924,3764320.0,3.8,3,XL,Unisex,2026-04-03T16:37:18.813000+00:00
Crewneck 925,7900800.0,4.5,3,XXL,Men,2026-04-03T16:37:18.813215+00:00
T-shirt 926,1911040.0,4.6,3,S,Women,2026-04-03T16:37:18.813429+00:00
Hoodie 927,7706400.0,3.5,3,M,Unisex,2026-04-03T16:37:18.813642+00:00
Pants 928,3911680.0,3.4,3,L,Men,2026-04-03T16:37:18.813923+00:00
Outerwear 929,1253440.0,3.3,3,XL,Women,2026-04-03T16:37:18.814304+00:00
Jacket 930,1741120.0,4.9,3,XXL,Unisex,2026-04-03T16:37:18.814547+00:00
T-shirt 932,5937600.0,4.2,3,M,Women,2026-04-03T16:37:18.815186+00:00
Hoodie 933,4960800.0,3.4,3,L,Unisex,2026-04-03T16:37:18.815775+00:00
Pants 934,2248160.0,3.6,3,XL,Men,2026-04-03T16:37:18.816036+00:00
Outerwear 935,6048000.0,4.1,3,XXL,Women,2026-04-03T16:37:18.816265+00:00
Jacket 936,6165440.0,3.1,3,S,Unisex,2026-04-03T16:37:18.816646+00:00
Crewneck 937,2475360.0,4.1,3,M,Men,2026-04-03T16:37:18.817037+00:00
T-shirt 938,4058400.0,3.6,3,L,Women,2026-04-03T16:37:18.817334+00:00
Hoodie 939,4466080.0,4.8,3,XL,Unisex,2026-04-03T16:37:18.817735+00:00
Pants 940,5776000.0,3.7,3,XXL,Men,2026-04-03T16:37:18.818211+00:00
Jacket 942,7972960.0,3.0,3,M,Unisex,2026-04-03T16:37:18.864082+00:00
Crewneck 943,4571040.0,4.4,3,L,Men,2026-04-03T16:37:18.864434+00:00
T-shirt 944,1578240.0,4.6,3,XL,Women,2026-04-03T16:37:18.864823+00:00
Hoodie 945,2107680.0,4.2,3,XXL,Unisex,2026-04-03T16:37:18.865221+00:00
Outerwear 947,7079680.0,4.6,3,M,Women,2026-04-03T16:37:18.865856+00:00
Jacket 948,4600480.0,3.9,3,L,Unisex,2026-04-03T16:37:18.866084+00:00
Crewneck 949,1844320.0,4.4,3,XL,Men,2026-04-03T16:37:18.866304+00:00
T-shirt 950,7691680.0,4.9,3,XXL,Women,2026-04-03T16:37:18.866522+00:00
Pants 952,7155040.0,3.7,3,M,Men,2026-04-03T16:37:18.866975+00:00
Outerwear 953,8423200.0,3.8,3,L,Women,2026-04-03T16:37:18.867192+00:00
Jacket 954,3878720.0,4.1,3,XL,Unisex,2026-04-03T16:37:18.867406+00:00
Crewneck 955,7006560.0,4.7,3,XXL,Men,2026-04-03T16:37:18.867623+00:00
T-shirt 956,4457600.0,3.1,3,S,Women,2026-04-03T16:37:18.867849+00:00
Hoodie 957,4024320.0,4.4,3,M,Unisex,2026-04-03T16:37:18.868070+00:00
Pants 958,3946240.0,4.8,3,L,Men,2026-04-03T16:37:18.868290+00:00
Outerwear 959,6828480.0,4.6,3,XL,Women,2026-04-03T16:37:18.868509+00:00
Jacket 960,5840160.0,4.5,3,XXL,Unisex,2026-04-03T16:37:18.868726+00:00
T-shirt 962,2887840.0,4.1,3,M,Women,2026-04-03T16:37:18.976919+00:00
Hoodie 963,7916160.0,4.6,3,L,Unisex,2026-04-03T16:37:18.977141+00:00
Pants 964,3885280.0,3.3,3,XL,Men,2026-04-03T16:37:18.977358+00:00
Outerwear 965,3107200.0,4.5,3,XXL,Women,2026-04-03T16:37:18.977577+00:00
Jacket 966,8499520.0,4.9,3,S,Unisex,2026-04-03T16:37:18.977882+00:00
Crewneck 967,1744000.0,3.5,3,M,Men,2026-04-03T16:37:18.978099+00:00
T-shirt 968,4045120.0,4.4,3,L,Women,2026-04-03T16:37:18.978315+00:00
Hoodie 969,4231840.0,3.8,3,XL,Unisex,2026-04-03T16:37:18.978532+00:00
Pants 970,952960.0,4.6,3,XXL,Men,2026-04-03T16:37:18.978764+00:00
Jacket 972,7272000.0,4.4,3,M,Unisex,2026-04-03T16:37:18.979207+00:00
Crewneck 973,7134400.0,3.9,3,L,Men,2026-04-03T16:37:18.979422+00:00
T-shirt 974,4769280.0,3.0,3,XL,Women,2026-04-03T16:37:18.979635+00:00
Hoodie 975,4816000.0,3.6,3,XXL,Unisex,2026-04-03T16:37:18.979879+00:00
Outerwear 977,3356000.0,3.6,3,M,Women,2026-04-03T16:37:18.980333+00:00
Jacket 978,3918240.0,3.6,3,L,Unisex,2026-04-03T16:37:18.980554+00:00
Crewneck 979,4848480.0,3.4,3,XL,Men,2026-04-03T16:37:18.980772+00:00
T-shirt 980,6544000.0,3.1,3,XXL,Women,2026-04-03T16:37:18.981033+00:00
Pants 982,7281760.0,4.9,3,M,Men,2026-04-03T16:37:19.067356+00:00
Outerwear 983,5762560.0,3.2,3,L,Women,2026-04-03T16:37:19.067602+00:00
Jacket 984,7349440.0,3.8,3,XL,Unisex,2026-04-03T16:37:19.067838+00:00
Crewneck 985,6236000.0,4.3,3,XXL,Men,2026-04-03T16:37:19.068061+00:00
T-shirt 986,6713760.0,4.5,3,S,Women,2026-04-03T16:37:19.068289+00:00
Hoodie 987,4008000.0,4.7,3,M,Unisex,2026-04-03T16:37:19.068547+00:00
Pants 988,2054239.9999999998,3.5,3,L,Men,2026-04-03T16:37:19.068888+00:00
Outerwear 989,6869440.0,4.2,3,XL,Women,2026-04-03T16:37:19.069121+00:00
Jacket 990,3327360.0,4.2,3,XXL,Unisex,2026-04-03T16:37:19.069342+00:00
T-shirt 992,4840480.0,4.9,3,M,Women,2026-04-03T16:37:19.069809+00:00
Hoodie 993,6361920.0,3.4,3,L,Unisex,2026-04-03T16:37:19.070029+00:00
Pants 994,1693760.0,4.4,3,XL,Men,2026-04-03T16:37:19.070246+00:00
Outerwear 995,8046720.0,3.2,3,XXL,Women,2026-04-03T16:37:19.070467+00:00
Jacket 996,6942400.0,4.3,3,S,Unisex,2026-04-03T16:37:19.070681+00:00
Crewneck 997,5321280.0,3.9,3,M,Men,2026-04-03T16:37:19.070903+00:00
T-shirt 998,908000.0,4.2,3,L,Women,2026-04-03T16:37:19.071122+00:00
Hoodie 999,8534240.0,4.8,3,XL,Unisex,2026-04-03T16:37:19.071339+00:00
Pants 1000,2938240.0,4.7,3,XXL,Men,2026-04-03T16:37:19.071558+00:00
